Date,SAP(£/MWh),EU ETS (£/MWh),Gas (£/MWh)
2016-01-01,10.44,1.099206592,14.84820659
2016-01-02,10.29,1.099206592,14.70020659
2016-01-03,10.44,1.099206592,14.85320659
2016-01-04,11.22,1.099206592,15.63520659
2016-01-05,11.25,1.090321471,15.65432147
2016-01-06,11.48,1.052374881,15.84637488
2016-01-07,11.92,1.029240317,16.26124032
2016-01-08,11.61,1.022289218,15.94328922
2016-01-09,11.32,1.022289218,15.65128922
2016-01-10,11.37,1.022289218,15.70128922
2016-01-11,11.55,0.992598099,15.8545981
2016-01-12,10.84,0.984830054,15.13383005
2016-01-13,11.84,1.009701371,16.16170137
2016-01-14,11.01,0.98455313,15.30355313
2016-01-15,11.36,0.932329081,15.60232908
2016-01-16,11.32,0.932329081,15.56432908
2016-01-17,11.2,0.932329081,15.43932908
2016-01-18,10.66,0.952122151,14.92412215
2016-01-19,10.71,0.962592619,14.98459262
2016-01-20,10.77,0.900418724,14.97741872
2016-01-21,10.2,0.879787614,14.39078761
2016-01-22,10.79,0.8932482,14.9952482
2016-01-23,11.1,0.8932482,15.3082482
2016-01-24,10.38,0.8932482,14.5892482
2016-01-25,9.9,0.823127254,14.03612725
2016-01-26,10.06,0.852943277,14.22094328
2016-01-27,10.45,0.825132699,14.5891327
2016-01-28,10.85,0.853482334,15.01048233
2016-01-29,10.7,0.851574515,14.86557451
2016-01-30,10.66,0.851574515,14.81857451
2016-01-31,10.67,0.851574515,14.83457451
2016-02-01,10.3,0.79884489,14.40584489
2016-02-02,10.17,0.814805042,14.29380504
2016-02-03,10.27,0.786352194,14.36835219
2016-02-04,9.71,0.784220341,13.80922034
2016-02-05,9.82,0.787250729,13.92025073
2016-02-06,9.52,0.787250729,13.62225073
2016-02-07,9.57,0.787250729,13.67125073
2016-02-08,10.22,0.743276464,14.27127646
2016-02-09,9.88,0.709146052,13.90214605
2016-02-10,9.92,0.701482472,13.93348247
2016-02-11,9.83,0.67781783,13.82081783
2016-02-12,10.39,0.733996349,14.43699635
2016-02-13,10.27,0.733996349,14.31299635
2016-02-14,9.93,0.733996349,13.97899635
2016-02-15,10.41,0.686643335,14.40364333
2016-02-16,10.07,0.66788742,14.04988742
2016-02-17,10.55,0.731484304,14.5944843
2016-02-18,9.96,0.752895197,14.0258952
2016-02-19,9.81,0.736672552,13.85567255
2016-02-20,10.08,0.736672552,14.12967255
2016-02-21,9.68,0.736672552,13.72467255
2016-02-22,10.04,0.770540695,14.1195407
2016-02-23,10.51,0.703910841,14.52891084
2016-02-24,10.39,0.702449732,14.40144973
2016-02-25,10.27,0.738703539,14.32070354
2016-02-26,10.32,0.727714533,14.35971453
2016-02-27,10.1,0.727714533,14.13771453
2016-02-28,10.07,0.727714533,14.11171453
2016-02-29,10.68,0.726347265,14.71934727
2016-03-01,10.34,0.71787621,14.36787621
2016-03-02,10.48,0.711385766,14.50638577
2016-03-03,10.56,0.695551817,14.56855182
2016-03-04,10.5,0.701689246,14.51068925
2016-03-05,10.55,0.701689246,14.56268925
2016-03-06,10.06,0.701689246,14.07768925
2016-03-07,10.23,0.725650797,14.2686508
2016-03-08,10.73,0.714774467,14.75977447
2016-03-09,10.29,0.727256915,14.32825691
2016-03-10,10.65,0.701353154,14.66135315
2016-03-11,9.72,0.718307231,13.75130723
2016-03-12,9.6,0.718307231,13.62930723
2016-03-13,9.6,0.718307231,13.63430723
2016-03-14,9.66,0.695838161,13.66883816
2016-03-15,10.46,0.694750912,14.46975091
2016-03-16,10.18,0.7171256,14.2091256
2016-03-17,10.12,0.723933858,14.15493386
2016-03-18,10.53,0.712329367,14.55732937
2016-03-19,10.24,0.712329367,14.26132937
2016-03-20,10.02,0.712329367,14.04232937
2016-03-21,9.71,0.698788374,13.71978837
2016-03-22,9.55,0.694949899,13.5519499
2016-03-23,9.99,0.698066955,14.00306695
2016-03-24,9.91,0.708478385,13.92947838
2016-03-25,9.12,0.708478385,13.14047838
2016-03-26,9.06,0.708478385,13.08347838
2016-03-27,9.27,0.708478385,13.29347838
2016-03-28,9.61,0.705365094,13.62836509
2016-03-29,9.76,0.693006404,13.7630064
2016-03-30,9.62,0.717012021,13.65001202
2016-03-31,9.63,0.7556813,13.6976813
2016-04-01,10.05,0.754078672,14.11407867
2016-04-02,9.79,0.754078672,13.85307867
2016-04-03,9.42,0.754078672,13.49007867
2016-04-04,9.36,0.785446274,13.46144627
2016-04-05,9.24,0.769467121,13.32246712
2016-04-06,9.15,0.786353898,13.2473539
2016-04-07,9.38,0.78457595,13.48057595
2016-04-08,9.49,0.80647783,13.61247783
2016-04-09,9.13,0.80647783,13.25147783
2016-04-10,8.95,0.80647783,13.06547783
2016-04-11,9.4,0.828346703,13.5383467
2016-04-12,9.47,0.82423205,13.60823205
2016-04-13,9.91,0.813431645,14.03743164
2016-04-14,9.74,0.819581539,13.87458154
2016-04-15,9.97,0.802146652,14.08214665
2016-04-16,9.98,0.802146652,14.09114665
2016-04-17,9.4,0.802146652,13.51714665
2016-04-18,10.11,0.799747,14.224747
2016-04-19,9.62,0.812119992,13.74311999
2016-04-20,9.59,0.807469329,13.71046933
2016-04-21,10.47,0.832160077,14.60916008
2016-04-22,11.13,0.86576429,15.30876429
2016-04-23,10.5,0.86576429,14.67376429
2016-04-24,10.51,0.86576429,14.69176429
2016-04-25,10.82,0.845658716,14.98165872
2016-04-26,12.87,0.947409767,17.12440977
2016-04-27,11.44,0.974644951,15.72664495
2016-04-28,11.16,0.90835755,15.38035755
2016-04-29,10.68,0.882764617,14.87876462
2016-04-30,11.15,0.882764617,15.34476462
2016-05-01,10.41,0.882764617,14.60676462
2016-05-02,10.04,0.880566889,14.23456689
2016-05-03,9.6,0.865101442,13.77710144
2016-05-04,9.35,0.892619303,13.5496193
2016-05-05,10.01,0.904662326,14.22966233
2016-05-06,10.08,0.849462035,14.23846204
2016-05-07,9.85,0.849462035,14.01546204
2016-05-08,9.83,0.849462035,13.99446204
2016-05-09,10.44,0.828870095,14.5838701
2016-05-10,10.32,0.85882339,14.49482339
2016-05-11,10.69,0.87326784,14.87126784
2016-05-12,10.07,0.844891208,14.22889121
2016-05-13,10.28,0.847903558,14.43490356
2016-05-14,9.95,0.847903558,14.11090356
2016-05-15,9.82,0.847903558,13.98190356
2016-05-16,10.3,0.885305724,14.50130572
2016-05-17,10.6,0.875451114,14.78645111
2016-05-18,10.65,0.872852976,14.83885298
2016-05-19,10.32,0.851684932,14.47868493
2016-05-20,10.01,0.841121925,14.16412192
2016-05-21,9.7,0.841121925,13.85012192
2016-05-22,9.94,0.841121925,14.09012192
2016-05-23,10.35,0.813853134,14.47585313
2016-05-24,10.37,0.826855447,14.50985545
2016-05-25,10.18,0.823619662,14.31361966
2016-05-26,11.92,0.842506836,16.07250684
2016-05-27,10.65,0.84813981,14.80513981
2016-05-28,11.04,0.84813981,15.20113981
2016-05-29,10.52,0.84813981,14.67713981
2016-05-30,10.56,0.855566868,14.72356687
2016-05-31,11.74,0.854328081,15.90132808
2016-06-01,12.22,0.843925165,16.37692516
2016-06-02,12.02,0.860353797,16.1953538
2016-06-03,12.49,0.846489828,16.64748983
2016-06-04,11.95,0.846489828,16.10748983
2016-06-05,11.88,0.846489828,16.03748983
2016-06-06,12.31,0.894760128,16.51776013
2016-06-07,11.74,0.885924478,15.94192448
2016-06-08,11.87,0.87751862,16.05751862
2016-06-09,11.86,0.884904569,16.05490457
2016-06-10,12.46,0.858377564,16.62537756
2016-06-11,11.24,0.858377564,15.41337756
2016-06-12,11.12,0.858377564,15.29437756
2016-06-13,10.9,0.850683788,15.06368379
2016-06-14,11.23,0.856508052,15.40250805
2016-06-15,11.2,0.863169559,15.37716956
2016-06-16,11.55,0.834259724,15.69225972
2016-06-17,11.35,0.824579956,15.48757996
2016-06-18,11.26,0.824579956,15.39857996
2016-06-19,10.71,0.824579956,14.84657996
2016-06-20,11.86,0.846782237,16.02178224
2016-06-21,11.52,0.789178114,15.62117811
2016-06-22,11.58,0.803717971,15.69871797
2016-06-23,11.71,0.801443771,15.82144377
2016-06-24,11.68,0.698929137,15.69092914
2016-06-25,11.95,0.698929137,15.95692914
2016-06-26,11.98,0.698929137,15.98792914
2016-06-27,11.44,0.713349291,15.46534929
2016-06-28,11.55,0.721003737,15.57900374
2016-06-29,11.7,0.689211676,15.70121168
2016-06-30,11.52,0.680239252,15.51223925
2016-07-01,11.59,0.709395518,15.61139552
2016-07-02,11.39,0.709395518,15.41339552
2016-07-03,11.43,0.709395518,15.44939552
2016-07-04,11.52,0.768020748,15.60102075
2016-07-05,11.76,0.727189123,15.80018912
2016-07-06,11.69,0.717812294,15.71681229
2016-07-07,11.54,0.723507645,15.57050765
2016-07-08,11.27,0.717874228,15.30387423
2016-07-09,11.45,0.717874228,15.47487423
2016-07-10,11.34,0.717874228,15.37287423
2016-07-11,11.36,0.695716893,15.36671689
2016-07-12,11.86,0.725866713,15.89986671
2016-07-13,11.41,0.735768978,15.45576898
2016-07-14,11.2,0.742570663,15.25757066
2016-07-15,11.37,0.758029284,15.44302928
2016-07-16,11.23,0.758029284,15.29702928
2016-07-17,11.22,0.758029284,15.29002928
2016-07-18,11.41,0.746505877,15.47050588
2016-07-19,11.68,0.717234564,15.71023456
2016-07-20,11.95,0.725575842,15.99057584
2016-07-21,12.21,0.716347483,16.23634748
2016-07-22,12.68,0.70148158,16.69648158
2016-07-23,12.41,0.70148158,16.42748158
2016-07-24,12.34,0.70148158,16.35148158
2016-07-25,12.54,0.708435098,16.5644351
2016-07-26,12.29,0.695488706,16.29948871
2016-07-27,12.1,0.698315569,16.10731557
2016-07-28,11.84,0.691865456,15.84486546
2016-07-29,11.67,0.68622441,15.66722441
2016-07-30,11.75,0.68622441,15.75122441
2016-07-31,11.85,0.68622441,15.85122441
2016-08-01,11.69,0.680765371,15.68076537
2016-08-02,11.48,0.688190386,15.47519039
2016-08-03,11.51,0.718724587,15.53972459
2016-08-04,11.87,0.724228058,15.90822806
2016-08-05,11.28,0.739032376,15.32703238
2016-08-06,11.37,0.739032376,15.41603238
2016-08-07,11.4,0.739032376,15.45503238
2016-08-08,11.39,0.772583302,15.4725833
2016-08-09,11.2,0.763458862,15.27645886
2016-08-10,11.03,0.749951936,15.09595194
2016-08-11,11.15,0.771574651,15.22857465
2016-08-12,10.07,0.775477836,14.15447784
2016-08-13,9.38,0.775477836,13.46647784
2016-08-14,8.84,0.775477836,12.92547784
2016-08-15,7.98,0.764823511,12.05482351
2016-08-16,10.21,0.751065413,14.27606541
2016-08-17,9.71,0.714615026,13.73361503
2016-08-18,10.08,0.747172863,14.13617286
2016-08-19,9.32,0.757615386,13.39061539
2016-08-20,9.38,0.757615386,13.45361539
2016-08-21,9.28,0.757615386,13.35161539
2016-08-22,9.67,0.78208559,13.76708559
2016-08-23,10.07,0.746961139,14.12496114
2016-08-24,9.65,0.727610228,13.69061023
2016-08-25,9.52,0.741535539,13.56953554
2016-08-26,9.37,0.74041603,13.42541603
2016-08-27,9.37,0.74041603,13.42641603
2016-08-28,9.41,0.74041603,13.45841603
2016-08-29,9.2,0.736709749,13.25270975
2016-08-30,8.71,0.714762597,12.7347626
2016-08-31,8.02,0.700249968,12.03124997
2016-09-01,7.29,0.684401153,11.29040115
2016-09-02,9.51,0.629937646,13.45293765
2016-09-03,9.18,0.629937646,13.12593765
2016-09-04,9.39,0.629937646,13.33493765
2016-09-05,10.2,0.606743044,14.11374304
2016-09-06,9.38,0.636699005,13.323699
2016-09-07,8.22,0.618091559,12.14709156
2016-09-08,8.34,0.632882366,12.28088237
2016-09-09,7.94,0.634940504,11.8879405
2016-09-10,8.23,0.634940504,12.1719405
2016-09-11,7.95,0.634940504,11.8939405
2016-09-12,7.47,0.625524596,11.4055246
2016-09-13,7.57,0.632367652,11.51836765
2016-09-14,7.18,0.622647493,11.11664749
2016-09-15,9.49,0.647795865,13.44779586
2016-09-16,10.09,0.682630797,14.0816308
2016-09-17,9.89,0.682630797,13.8836308
2016-09-18,9.79,0.682630797,13.7806308
2016-09-19,11.33,0.694524273,15.33352427
2016-09-20,10.61,0.656396747,14.57739675
2016-09-21,11.81,0.666414889,15.78941489
2016-09-22,11.84,0.698225076,15.84622508
2016-09-23,11.27,0.715477459,15.29947746
2016-09-24,11,0.715477459,15.02947746
2016-09-25,10.42,0.715477459,14.44647746
2016-09-26,11.73,0.735600037,15.78060004
2016-09-27,11.11,0.707941851,15.12994185
2016-09-28,11.17,0.785257032,15.26725703
2016-09-29,12.61,0.796157811,16.71915781
2016-09-30,11.52,0.789175129,15.61817513
2016-10-01,11.52,0.789175129,15.62317513
2016-10-02,11.46,0.789175129,15.56217513
2016-10-03,10.11,0.846688863,14.27068886
2016-10-04,11.74,0.836875458,15.89087546
2016-10-05,11.93,0.886718135,16.12671814
2016-10-06,13.03,0.94777165,17.29077165
2016-10-07,13.48,0.923932804,17.7119328
2016-10-08,11.34,0.923932804,15.5789328
2016-10-09,11.94,0.923932804,16.1739328
2016-10-10,13.62,0.938439676,17.86843968
2016-10-11,14.72,0.911241675,18.94024168
2016-10-12,14.2,0.915326363,18.42332636
2016-10-13,14.33,0.937470975,18.57947097
2016-10-14,14.61,0.963488835,18.88048883
2016-10-15,14.21,0.963488835,18.48648883
2016-10-16,13.29,0.963488835,17.56548883
2016-10-17,13.87,0.974204436,18.15220444
2016-10-18,15.2,0.978628918,19.49362892
2016-10-19,15.63,0.932088381,19.87408838
2016-10-20,16.16,0.916008468,20.38300847
2016-10-21,15.27,0.963211225,19.54921123
2016-10-22,15.58,0.963211225,19.85321123
2016-10-23,15.15,0.963211225,19.42721123
2016-10-24,16.28,0.952843584,20.54384358
2016-10-25,16.19,0.954583526,20.45258353
2016-10-26,15.58,0.97556012,19.86856012
2016-10-27,15.62,0.956154489,19.89115449
2016-10-28,15.8,0.973834148,20.08683415
2016-10-29,15.32,0.973834148,19.60483415
2016-10-30,15.16,0.973834148,19.44983415
2016-10-31,15.66,0.974921982,19.94192198
2016-11-01,16.45,1.002945959,20.76594596
2016-11-02,18.34,1.0361127,22.6831127
2016-11-03,17.68,1.065513014,22.06051301
2016-11-04,14.57,1.047426548,18.92642655
2016-11-05,15.95,1.047426548,20.30542655
2016-11-06,15.4,1.047426548,19.75742655
2016-11-07,16.56,1.020652198,20.8876522
2016-11-08,16.27,1.009473853,20.59347385
2016-11-09,16.48,0.990309555,20.78630956
2016-11-10,15.82,0.946105808,20.08110581
2016-11-11,15.89,0.89802144,20.09802144
2016-11-12,16.15,0.89802144,20.36202144
2016-11-13,15.96,0.89802144,20.16802144
2016-11-14,15.77,0.856316045,19.94131604
2016-11-15,14.83,0.912008801,19.0530088
2016-11-16,15.32,0.8775533,19.5095533
2016-11-17,14.99,0.928776942,19.22577694
2016-11-18,16.5,0.88232716,20.69532716
2016-11-19,16.07,0.88232716,20.26532716
2016-11-20,15.63,0.88232716,19.82332716
2016-11-21,14.75,0.85722763,18.92222763
2016-11-22,15.49,0.865865344,19.67086534
2016-11-23,15.7,0.842105978,19.85410598
2016-11-24,16.15,0.833712335,20.29171233
2016-11-25,16.2,0.782915424,20.28991542
2016-11-26,16.08,0.782915424,20.17191542
2016-11-27,15.8,0.782915424,19.89391542
2016-11-28,16.66,0.743781778,20.71878178
2016-11-29,17.02,0.712903187,21.04890319
2016-11-30,16.88,0.713825283,20.90782528
2016-12-01,16.66,0.697511649,20.66851165
2016-12-02,15.81,0.670052589,19.78905259
2016-12-03,15.56,0.670052589,19.54405259
2016-12-04,15.78,0.670052589,19.76405259
2016-12-05,16.23,0.683043051,20.22304305
2016-12-06,14.71,0.702149556,18.72814956
2016-12-07,14.52,0.67811648,18.51111648
2016-12-08,14.52,0.719968494,18.54896849
2016-12-09,14.7,0.690857982,18.69885798
2016-12-10,14.6,0.690857982,18.60685798
2016-12-11,14.79,0.690857982,18.79585798
2016-12-12,15.29,0.753002772,19.35000277
2016-12-13,15.09,0.742130834,19.14413083
2016-12-14,15.1,0.777247149,19.19024715
2016-12-15,15.3,0.748754713,19.36175471
2016-12-16,15.44,0.764690572,19.51669057
2016-12-17,15.42,0.764690572,19.49269057
2016-12-18,15.44,0.764690572,19.51169057
2016-12-19,15.61,0.792367008,19.71236701
2016-12-20,15.27,0.812306699,19.3973067
2016-12-21,15.44,0.903655786,19.65265579
2016-12-22,15.87,0.952300015,20.13130001
2016-12-23,15.99,0.979235092,20.27823509
2016-12-24,15.86,0.979235092,20.14623509
2016-12-25,11.5,0.979235092,15.78623509
2016-12-26,16.33,0.979235092,20.61923509
2016-12-27,17.1,0.994997548,21.40399755
2016-12-28,17.39,0.991666688,21.68966669
2016-12-29,17.39,1.004614741,21.70861474
2016-12-30,17.82,1.033831629,22.16083163
2016-12-31,17.51,1.033831629,21.85783163
2017-01-01,16.95,1.033831629,21.29483163
2017-01-02,17.69,0.961910471,21.95991047
2017-01-03,16.62,0.850550373,20.78555037
2017-01-04,17.12,0.8976458,21.3276458
2017-01-05,16.89,0.832690799,21.0316908
2017-01-06,17.23,0.797003432,21.33600343
2017-01-07,16.74,0.797003432,20.84800343
2017-01-08,16.51,0.797003432,20.61400343
2017-01-09,17.15,0.844456343,21.30445634
2017-01-10,17.94,0.882284725,22.13528473
2017-01-11,18.44,0.881729282,22.63672928
2017-01-12,18.58,0.811554609,22.70255461
2017-01-13,18.27,0.808912312,22.38591231
2017-01-14,18.83,0.808912312,22.95191231
2017-01-15,17.93,0.808912312,22.05491231
2017-01-16,17.87,0.760598065,21.93959807
2017-01-17,18.34,0.794234548,22.44823455
2017-01-18,18.3,0.772487589,22.38548759
2017-01-19,18.32,0.826150139,22.46215014
2017-01-20,18.85,0.865265204,23.0312652
2017-01-21,19.03,0.865265204,23.2112652
2017-01-22,19.18,0.865265204,23.3572652
2017-01-23,19.44,0.843676555,23.59667656
2017-01-24,19.06,0.803678923,23.17967892
2017-01-25,18.05,0.780258519,22.14325852
2017-01-26,18.31,0.811237952,22.43323795
2017-01-27,19.1,0.772549769,23.18654977
2017-01-28,17.83,0.772549769,21.91854977
2017-01-29,17.9,0.772549769,21.98754977
2017-01-30,18.82,0.814614559,22.94761456
2017-01-31,19.34,0.846133058,23.49813306
2017-02-01,19.3,0.826900129,23.43390013
2017-02-02,19,0.829066611,23.13906661
2017-02-03,20.51,0.819025716,24.64502572
2017-02-04,19.97,0.819025716,24.10002572
2017-02-05,20.53,0.819025716,24.66002572
2017-02-06,20.79,0.808897877,24.90689788
2017-02-07,19.42,0.814055482,23.55005548
2017-02-08,18.49,0.820138688,22.62613869
2017-02-09,19,0.828671475,23.13967147
2017-02-10,17.72,0.802314421,21.83231442
2017-02-11,17.78,0.802314421,21.89331442
2017-02-12,17.61,0.802314421,21.72731442
2017-02-13,16.88,0.76464452,20.95664452
2017-02-14,16.73,0.800820571,20.84282057
2017-02-15,16.77,0.792998276,20.87299828
2017-02-16,17.12,0.776861666,21.20486167
2017-02-17,16.39,0.783581994,20.48158199
2017-02-18,15.78,0.783581994,19.87758199
2017-02-19,15.72,0.783581994,19.81558199
2017-02-20,15.36,0.798168038,19.47416804
2017-02-21,15.54,0.786139844,19.64113984
2017-02-22,15.46,0.789189171,19.55818917
2017-02-23,16.12,0.83025698,20.26625698
2017-02-24,15.72,0.839777845,19.87477785
2017-02-25,15.89,0.839777845,20.04077785
2017-02-26,15.32,0.839777845,19.47177785
2017-02-27,15.05,0.815119235,19.17711924
2017-02-28,15.23,0.8241205,19.3681205
2017-03-01,15.11,0.932335701,19.3543357
2017-03-02,14.25,0.86244186,18.42244186
2017-03-03,14.84,0.887962013,19.03596201
2017-03-04,14.41,0.887962013,18.60896201
2017-03-05,14.52,0.887962013,18.71696201
2017-03-06,14.61,0.873389781,18.79238978
2017-03-07,14.51,0.857857177,18.68385718
2017-03-08,14.4,0.836751962,18.54475196
2017-03-09,14,0.821430716,18.13743072
2017-03-10,14.47,0.834913145,18.61891315
2017-03-11,14.16,0.834913145,18.30491315
2017-03-12,14.06,0.834913145,18.21091315
2017-03-13,13.9,0.827911673,18.04091167
2017-03-14,14.18,0.822518662,18.31151866
2017-03-15,13.84,0.832721209,17.98572121
2017-03-16,14.01,0.822785854,18.14778585
2017-03-17,14.14,0.820403922,18.26740392
2017-03-18,14.06,0.820403922,18.19040392
2017-03-19,13.78,0.820403922,17.90840392
2017-03-20,13.78,0.798528459,17.89452846
2017-03-21,13.6,0.787242132,17.69924213
2017-03-22,13.77,0.791887157,17.87588716
2017-03-23,13.34,0.789125582,17.43812558
2017-03-24,13.27,0.759299183,17.34529918
2017-03-25,13.08,0.759299183,17.15529918
2017-03-26,12.93,0.759299183,17.00129918
2017-03-27,12.96,0.736921231,17.00992123
2017-03-28,13.4,0.757082676,17.47208268
2017-03-29,13.56,0.759301627,17.62730163
2017-03-30,13.34,0.776800999,17.427801
2017-03-31,12.48,0.735929075,16.52892907
2017-04-01,12.82,0.735929075,16.86292907
2017-04-02,13.16,0.735929075,17.20392907
2017-04-03,13.74,0.765846304,17.8168463
2017-04-04,13.68,0.733809618,17.72480962
2017-04-05,13.78,0.757336786,17.85333679
2017-04-06,13.55,0.794656993,17.65165699
2017-04-07,13.56,0.769974618,17.64297462
2017-04-08,13.86,0.769974618,17.94197462
2017-04-09,13.43,0.769974618,17.51597462
2017-04-10,13.1,0.752394343,17.16039434
2017-04-11,13.14,0.761698811,17.21669881
2017-04-12,13.1,0.769855529,17.17885553
2017-04-13,13.42,0.773197189,17.50119719
2017-04-14,13.22,0.773197189,17.30919719
2017-04-15,12.81,0.773197189,16.89419719
2017-04-16,13.08,0.773197189,17.16119719
2017-04-17,13.32,0.770803572,17.39880357
2017-04-18,13.45,0.749932071,17.51593207
2017-04-19,13.43,0.744557946,17.49055795
2017-04-20,13.48,0.732577398,17.5225774
2017-04-21,13.84,0.702519489,17.85851949
2017-04-22,13.34,0.702519489,17.34951949
2017-04-23,13.2,0.702519489,17.20951949
2017-04-24,13.57,0.724402073,17.60840207
2017-04-25,14.06,0.706282158,18.07528216
2017-04-26,14.47,0.719274146,18.50427415
2017-04-27,14.12,0.705827801,18.1418278
2017-04-28,14.39,0.707748894,18.41174889
2017-04-29,13.88,0.707748894,17.89774889
2017-04-30,12.84,0.707748894,16.85974889
2017-05-01,14.11,0.710221898,18.1342219
2017-05-02,15.17,0.691254549,19.16825455
2017-05-03,13.89,0.691254549,17.89525455
2017-05-04,13.65,0.706437768,17.67243777
2017-05-05,13.55,0.714572195,17.5775722
2017-05-06,13.95,0.714572195,17.9735722
2017-05-07,13.6,0.714572195,17.6275722
2017-05-08,13.18,0.687340056,17.17634006
2017-05-09,14.09,0.699293879,18.10429388
2017-05-10,13.33,0.687733185,17.32573319
2017-05-11,13.4,0.67569621,17.38669621
2017-05-12,13.8,0.696120121,17.80812012
2017-05-13,13.65,0.696120121,17.65312012
2017-05-14,13.34,0.696120121,17.34412012
2017-05-15,14.26,0.68653507,18.25653507
2017-05-16,13.62,0.716253491,17.64625349
2017-05-17,14.34,0.725156847,18.37215685
2017-05-18,13.84,0.749466464,17.90246646
2017-05-19,13.76,0.749466464,17.81746646
2017-05-20,13.75,0.749466464,17.81346646
2017-05-21,13.25,0.749466464,17.31546646
2017-05-22,12.92,0.779991522,17.00699152
2017-05-23,12.42,0.753852497,16.4858525
2017-05-24,12.89,0.780941514,16.98094151
2017-05-25,12.49,0.793333478,16.59033348
2017-05-26,12.53,0.834003621,16.67400362
2017-05-27,12.79,0.834003621,16.93800362
2017-05-28,12.83,0.834003621,16.97700362
2017-05-29,13,0.827958122,17.14295812
2017-05-30,12.89,0.822951019,17.02495102
2017-05-31,12.35,0.798645218,16.45664522
2017-06-01,12.42,0.812991583,16.54299158
2017-06-02,12.56,0.830433847,16.70543385
2017-06-03,12.31,0.830433847,16.44943385
2017-06-04,12.18,0.830433847,16.32643385
2017-06-05,12.33,0.828353933,16.47135393
2017-06-06,12.36,0.800009098,16.4700091
2017-06-07,12.56,0.782248861,16.65724886
2017-06-08,12.84,0.804983761,16.95498376
2017-06-09,12.47,0.815499557,16.59749956
2017-06-10,12.37,0.815499557,16.49949956
2017-06-11,12.42,0.815499557,16.55149956
2017-06-12,11.93,0.801478159,16.04547816
2017-06-13,11.33,0.809938849,15.44693885
2017-06-14,9.53,0.800396606,13.63739661
2017-06-15,8.91,0.797724583,13.01872458
2017-06-16,10.62,0.786006782,14.71500678
2017-06-17,11.17,0.786006782,15.26700678
2017-06-18,11.3,0.786006782,15.39400678
2017-06-19,11.53,0.79457344,15.63857344
2017-06-20,12.05,0.802926786,16.16892679
2017-06-21,12.86,0.79095448,16.96095448
2017-06-22,12.18,0.787422237,16.27542224
2017-06-23,11.59,0.788734775,15.68973477
2017-06-24,12.49,0.788734775,16.58773477
2017-06-25,12.51,0.788734775,16.61173477
2017-06-26,12.48,0.773708411,16.56470841
2017-06-27,12.92,0.804224265,17.03722427
2017-06-28,12.83,0.799660064,16.94266006
2017-06-29,12.98,0.820966648,17.11296665
2017-06-30,12.75,0.811930871,16.87193087
2017-07-01,12.68,0.811930871,16.80093087
2017-07-02,12.49,0.811930871,16.61493087
2017-07-03,13.22,0.829432142,17.36243214
2017-07-04,13.14,0.827235696,17.2782357
2017-07-05,13.1,0.813717086,17.22271709
2017-07-06,12.57,0.849132294,16.73213229
2017-07-07,12.62,0.870005631,16.80200563
2017-07-08,12.1,0.870005631,16.27900563
2017-07-09,12.1,0.870005631,16.28300563
2017-07-10,11.84,0.879448468,16.03544847
2017-07-11,11.95,0.873370534,16.13137053
2017-07-12,11.99,0.892735721,16.19073572
2017-07-13,11.28,0.869382783,15.46438278
2017-07-14,11.13,0.873131983,15.31613198
2017-07-15,11.33,0.873131983,15.51713198
2017-07-16,11.5,0.873131983,15.68313198
2017-07-17,11.79,0.879712715,15.98271272
2017-07-18,12.19,0.890109598,16.3871096
2017-07-19,11.86,0.87647156,16.04647156
2017-07-20,12.31,0.874433752,16.49143375
2017-07-21,12.61,0.841868334,16.76586833
2017-07-22,12.58,0.841868334,16.73686833
2017-07-23,12.64,0.841868334,16.79386833
2017-07-24,12.48,0.844718189,16.63771819
2017-07-25,12.54,0.848736559,16.69873656
2017-07-26,13.43,0.860926503,17.5979265
2017-07-27,13.07,0.844072102,17.2250721
2017-07-28,13.15,0.852826724,17.31882672
2017-07-29,13.14,0.852826724,17.30282672
2017-07-30,13.19,0.852826724,17.35482672
2017-07-31,13.61,0.861211219,17.78521122
2017-08-01,13.01,0.871321877,17.19732188
2017-08-02,13.05,0.895792968,17.25379297
2017-08-03,13.52,0.902706439,17.73870644
2017-08-04,14.18,0.887582501,18.3835825
2017-08-05,14.02,0.887582501,18.2145825
2017-08-06,13.81,0.887582501,18.0095825
2017-08-07,14.33,0.877791075,18.51779107
2017-08-08,14.28,0.876772773,18.46377277
2017-08-09,14.64,0.893126376,18.84512638
2017-08-10,14.5,0.894680703,18.7026807
2017-08-11,14.87,0.901008611,19.08500861
2017-08-12,14.54,0.901008611,18.75200861
2017-08-13,14.54,0.901008611,18.75100861
2017-08-14,14.25,0.922776689,18.48777669
2017-08-15,14.32,0.928150267,18.56415027
2017-08-16,14.74,0.971289088,19.01928909
2017-08-17,14.9,0.974833993,19.18483399
2017-08-18,15.08,0.978503407,19.36750341
2017-08-19,15.19,0.978503407,19.47550341
2017-08-20,15.19,0.978503407,19.47550341
2017-08-21,15.58,0.96890972,19.86290972
2017-08-22,15.24,0.96890972,19.51890972
2017-08-23,15.5,1.010512169,19.82451217
2017-08-24,15.25,1.010368552,19.57236855
2017-08-25,15.21,1.033367547,19.55036755
2017-08-26,14.96,1.033367547,19.30336755
2017-08-27,14.78,1.033367547,19.12836755
2017-08-28,15.02,1.039548023,19.37154802
2017-08-29,15.46,1.032903731,19.80390373
2017-08-30,15.32,1.021272836,19.65227284
2017-08-31,15.13,1.007126626,19.45312663
2017-09-01,15.39,0.982830337,19.68183034
2017-09-02,15.11,0.982830337,19.39983034
2017-09-03,15.21,0.982830337,19.50883034
2017-09-04,15.34,1.003800375,19.65380038
2017-09-05,15.74,1.093900771,20.14790077
2017-09-06,15.58,1.126206781,20.01620678
2017-09-07,15.66,1.165257057,20.13725706
2017-09-08,15.55,1.186000439,20.04300044
2017-09-09,15.52,1.186000439,20.01600044
2017-09-10,15.45,1.186000439,19.94700044
2017-09-11,15.86,1.149553044,20.32355304
2017-09-12,16.24,1.139207994,20.69320799
2017-09-13,16.26,1.175754827,20.74975483
2017-09-14,16.12,1.159096253,20.58909625
2017-09-15,15.86,1.125555604,20.2985556
2017-09-16,16.13,1.125555604,20.5655556
2017-09-17,16.2,1.125555604,20.6365556
2017-09-18,16.81,1.095816708,21.21581671
2017-09-19,16.34,1.148239054,20.80223905
2017-09-20,15.54,1.123222879,19.97122288
2017-09-21,16.29,1.061978981,20.66297898
2017-09-22,15.3,1.080849027,19.68884903
2017-09-23,14.69,1.080849027,19.07984903
2017-09-24,14.76,1.080849027,19.15184903
2017-09-25,16.04,1.179642986,20.53464299
2017-09-26,15.79,1.125782768,20.22378277
2017-09-27,16.01,1.117967332,20.44196733
2017-09-28,15.66,1.12281194,20.09181194
2017-09-29,14.43,1.146533641,18.88453364
2017-09-30,15,1.146533641,19.45753364
2017-10-01,14.24,1.146533641,18.69453364
2017-10-02,15.16,1.130143109,19.59914311
2017-10-03,16.13,1.143405003,20.588405
2017-10-04,16.16,1.124793022,20.59879302
2017-10-05,15.81,1.130645491,20.24964549
2017-10-06,16.29,1.15695516,20.75395516
2017-10-07,16.53,1.15695516,21.00195516
2017-10-08,16.66,1.15695516,21.13195516
2017-10-09,16.45,1.144201929,20.90420193
2017-10-10,15.08,1.214854576,19.60785458
2017-10-11,14.91,1.217833796,19.4438338
2017-10-12,14.81,1.218295883,19.33729588
2017-10-13,15.44,1.218295883,19.97029588
2017-10-14,15.2,1.218295883,19.72529588
2017-10-15,14.93,1.218295883,19.46429588
2017-10-16,14.16,1.203739999,18.67174
2017-10-17,15.23,1.217112389,19.75911239
2017-10-18,15.67,1.28404478,20.26904478
2017-10-19,14.7,1.265608816,19.27460882
2017-10-20,15.09,1.243584009,19.64258401
2017-10-21,14.46,1.243584009,19.01558401
2017-10-22,14.55,1.243584009,19.10758401
2017-10-23,15.75,1.2186602,20.2786602
2017-10-24,15.51,1.231419804,20.0564198
2017-10-25,15.26,1.213450983,19.78345098
2017-10-26,15.93,1.175292248,20.41429225
2017-10-27,14.34,1.166192716,18.82019272
2017-10-28,15.23,1.166192716,19.70719272
2017-10-29,15.73,1.166192716,20.21219272
2017-10-30,16.33,1.157374412,20.79737441
2017-10-31,16.5,1.19076387,21.00576387
2017-11-01,16.06,1.210829681,20.58482968
2017-11-02,16.25,1.258100567,20.81910057
2017-11-03,16.43,1.287060511,21.02406051
2017-11-04,16.05,1.287060511,20.65306051
2017-11-05,16.29,1.287060511,20.88706051
2017-11-06,17.24,1.286642852,21.84164285
2017-11-07,17.17,1.255303791,21.73430379
2017-11-08,17.86,1.256170399,22.4311704
2017-11-09,18.22,1.232386245,22.76838624
2017-11-10,17.84,1.201797047,22.34879705
2017-11-11,18.22,1.201797047,22.73479705
2017-11-12,18.24,1.201797047,22.75479705
2017-11-13,18.82,1.203017685,23.33401769
2017-11-14,17.86,1.218917715,22.39091771
2017-11-15,17.69,1.268246687,22.27324669
2017-11-16,17.56,1.230954766,22.10095477
2017-11-17,17.96,1.22774888,22.49774888
2017-11-18,17.48,1.22774888,22.02374888
2017-11-19,17.96,1.22774888,22.50074888
2017-11-20,18.45,1.213547092,22.97854709
2017-11-21,17.75,1.206901143,22.26790114
2017-11-22,18.24,1.202599448,22.75759945
2017-11-23,18.82,1.25538091,23.38738091
2017-11-24,19.07,1.279363719,23.66036372
2017-11-25,18.87,1.279363719,23.45636372
2017-11-26,18.97,1.279363719,23.55936372
2017-11-27,19.13,1.265741363,23.70474136
2017-11-28,19.46,1.254191685,24.02119169
2017-11-29,19.33,1.251132536,23.89413254
2017-11-30,20.13,1.221707368,24.66770737
2017-12-01,19.89,1.25103949,24.45203949
2017-12-02,19.35,1.25103949,23.90803949
2017-12-03,18.74,1.25103949,23.29803949
2017-12-04,20.17,1.227472027,24.70447203
2017-12-05,19.29,1.205898063,23.80489806
2017-12-06,19.29,1.18346949,23.78346949
2017-12-07,20.47,1.192206828,24.97520683
2017-12-08,19.89,1.160926186,24.35792619
2017-12-09,20.18,1.160926186,24.65092619
2017-12-10,20.63,1.160926186,25.09792619
2017-12-11,23.03,1.174650603,27.5176506
2017-12-12,23.85,1.160563638,28.31756364
2017-12-13,21.28,1.151438286,25.74643829
2017-12-14,20.53,1.149775246,24.98677525
2017-12-15,20.5,1.173344843,24.98234484
2017-12-16,21.74,1.173344843,26.22934484
2017-12-17,21.12,1.173344843,25.60034484
2017-12-18,21.56,1.204713745,26.07271374
2017-12-19,20.01,1.227945641,24.55394564
2017-12-20,20.07,1.274125249,24.65312525
2017-12-21,19.93,1.310096858,24.54909686
2017-12-22,18.77,1.334071061,23.41807106
2017-12-23,18.79,1.334071061,23.43907106
2017-12-24,18.24,1.334071061,22.88307106
2017-12-25,18.18,1.334071061,22.82207106
2017-12-26,19.42,1.3373885,24.0723885
2017-12-27,18.95,1.334832187,23.59583219
2017-12-28,19.31,1.342591811,23.96359181
2017-12-29,17.98,1.338149695,22.6271497
2017-12-30,18.16,1.338149695,22.8131497
2017-12-31,17.32,1.338149695,21.9701497
2018-01-01,17.08,1.338149695,21.7331497
2018-01-02,17.33,1.274780801,21.9177808
2018-01-03,17.66,1.28181015,22.25681015
2018-01-04,17.72,1.273971394,22.30497139
2018-01-05,17.6,1.27033258,22.18333258
2018-01-06,17.19,1.27033258,21.76833258
2018-01-07,18.17,1.27033258,22.75233258
2018-01-08,17.99,1.244121178,22.54912118
2018-01-09,17.73,1.262545906,22.30854591
2018-01-10,17.86,1.285014012,22.45901401
2018-01-11,18.33,1.278700966,22.92470097
2018-01-12,17.78,1.281568677,22.37356868
2018-01-13,17.8,1.281568677,22.38956868
2018-01-14,17.77,1.281568677,22.36756868
2018-01-15,17.33,1.27526177,21.91726177
2018-01-16,17.3,1.315562756,21.93156276
2018-01-17,17.18,1.331607542,21.82360754
2018-01-18,17.03,1.376046904,21.7140469
2018-01-19,17.16,1.423570018,21.89357002
2018-01-20,17.2,1.423570018,21.93957002
2018-01-21,17,1.423570018,21.73457002
2018-01-22,16.85,1.41271319,21.57671319
2018-01-23,16.53,1.456763003,21.297763
2018-01-24,16.24,1.517871157,21.07087116
2018-01-25,16.53,1.488445063,21.32944506
2018-01-26,16.15,1.466284555,20.92428456
2018-01-27,16.22,1.466284555,21.00128456
2018-01-28,15.55,1.466284555,20.32728456
2018-01-29,15.89,1.457378286,20.66237829
2018-01-30,16.3,1.433629111,21.04062911
2018-01-31,16.12,1.495885159,20.92788516
2018-02-01,16.95,1.494311178,21.75831118
2018-02-02,17.64,1.452459236,22.40245924
2018-02-03,16.62,1.452459236,21.37945924
2018-02-04,16.8,1.452459236,21.56345924
2018-02-05,16.93,1.477776853,21.72177685
2018-02-06,17.1,1.436222394,21.84522239
2018-02-07,17.67,1.463630443,22.44163044
2018-02-08,17.44,1.475023799,22.2310238
2018-02-09,17.28,1.505686931,22.10168693
2018-02-10,17.43,1.505686931,22.24668693
2018-02-11,17.12,1.505686931,21.93568693
2018-02-12,17.25,1.549067755,22.10606775
2018-02-13,17.97,1.621826638,22.90682664
2018-02-14,17.27,1.568766763,22.14876676
2018-02-15,16.48,1.55796021,21.34696021
2018-02-16,17.31,1.550844134,22.16884413
2018-02-17,17.12,1.550844134,21.97884413
2018-02-18,17.07,1.550844134,21.92784413
2018-02-19,18.88,1.610370605,23.80037061
2018-02-20,18.77,1.576709054,23.65470905
2018-02-21,19.41,1.553592878,24.27359288
2018-02-22,20.74,1.581556991,25.63355699
2018-02-23,20.78,1.587565722,25.67956572
2018-02-24,18.7,1.587565722,23.59856572
2018-02-25,18.95,1.587565722,23.84956572
2018-02-26,24.17,1.56199147,29.04399147
2018-02-27,36.49,1.644436774,41.44143677
2018-02-28,57.54,1.645890808,62.49289081
2018-03-01,127.16,1.632669013,132.106669
2018-03-02,86.94,1.667985313,91.92298531
2018-03-03,22.39,1.667985313,27.36998531
2018-03-04,19.91,1.667985313,24.88998531
2018-03-05,17.44,1.696567953,22.45156795
2018-03-06,17.65,1.722427463,22.68342746
2018-03-07,17.21,1.747719117,22.26471912
2018-03-08,17.9,1.822928082,23.03292808
2018-03-09,18.98,1.818281995,24.111282
2018-03-10,18.62,1.818281995,23.745282
2018-03-11,18.47,1.818281995,23.604282
2018-03-12,25.05,1.807779752,30.16477975
2018-03-13,23.3,1.859623926,28.46862393
2018-03-14,20.8,1.823230519,25.93323052
2018-03-15,22.56,1.819009058,27.68700906
2018-03-16,18.74,1.812614431,23.86761443
2018-03-17,18.88,1.812614431,24.00561443
2018-03-18,22,1.812614431,27.12861443
2018-03-19,19.7,1.787466897,24.8024669
2018-03-20,19.09,1.861155945,24.26715594
2018-03-21,18.63,2.028669468,23.97366947
2018-03-22,18.55,1.981059806,23.84605981
2018-03-23,17.55,2.027074369,22.88707437
2018-03-24,17.91,2.027074369,23.24707437
2018-03-25,16.88,2.027074369,22.21607437
2018-03-26,16.36,2.090216082,21.76321608
2018-03-27,17.15,2.205114009,22.66511401
2018-03-28,16.61,2.091359152,22.01235915
2018-03-29,17.65,2.142342995,23.10834299
2018-03-30,16.62,2.142342995,22.07334299
2018-03-31,16.74,2.142342995,22.19734299
2018-04-01,18.11,2.142342995,23.56434299
2018-04-02,17.96,2.139763459,23.41276346
2018-04-03,16.38,2.134628485,21.82162849
2018-04-04,16.79,2.098226448,22.20422645
2018-04-05,16.88,2.033124289,22.22212429
2018-04-06,16.63,2.082695786,22.02169579
2018-04-07,17.06,2.082695786,22.45169579
2018-04-08,16.88,2.082695786,22.27469579
2018-04-09,17.72,2.137452211,23.16645221
2018-04-10,18.34,2.145875462,23.79387546
2018-04-11,18.6,2.154307534,24.06630753
2018-04-12,19.14,2.165995936,24.61599594
2018-04-13,18.75,2.219583871,24.27758387
2018-04-14,16.85,2.219583871,22.38158387
2018-04-15,17.22,2.219583871,22.74858387
2018-04-16,17.13,2.225253343,22.66725334
2018-04-17,17.28,2.184670769,22.77467077
2018-04-18,16.57,2.227005059,22.10500506
2018-04-19,17.63,2.153916532,23.09391653
2018-04-20,17.39,2.102997112,22.80899711
2018-04-21,16.77,2.102997112,22.18699711
2018-04-22,16.73,2.102997112,22.14699711
2018-04-23,17.18,2.077200505,22.56420051
2018-04-24,17.44,2.130404951,22.88640495
2018-04-25,17.3,2.132086156,22.73908616
2018-04-26,17.78,2.160494741,23.25449474
2018-04-27,18.4,2.192603268,23.90460327
2018-04-28,18.49,2.192603268,23.99860327
2018-04-29,18.44,2.192603268,23.94160327
2018-04-30,18.45,2.196637613,23.95763761
2018-05-01,18.11,2.173381075,23.59338107
2018-05-02,18.23,2.114278223,23.65827822
2018-05-03,18.01,2.105140496,23.4311405
2018-05-04,18.29,2.116454095,23.71945409
2018-05-05,18.07,2.116454095,23.49545409
2018-05-06,17.95,2.116454095,23.37845409
2018-05-07,18.15,2.204515506,23.66151551
2018-05-08,18.29,2.194190796,23.7981908
2018-05-09,17.82,2.252177425,23.38717743
2018-05-10,18.23,2.372567519,23.91056752
2018-05-11,18.76,2.375771354,24.45077135
2018-05-12,18.95,2.375771354,24.63577135
2018-05-13,18.61,2.375771354,24.29477135
2018-05-14,19.31,2.374553519,24.99455352
2018-05-15,18.61,2.313227965,24.23022796
2018-05-16,18.94,2.444053016,24.69605302
2018-05-17,19.76,2.458956254,25.53295625
2018-05-18,19.47,2.452235589,25.23123559
2018-05-19,19.27,2.452235589,25.03623559
2018-05-20,18.87,2.452235589,24.63623559
2018-05-21,19.28,2.513303732,25.10030373
2018-05-22,20.07,2.574821878,25.95982188
2018-05-23,19.86,2.583372212,25.75237221
2018-05-24,20.19,2.62632582,26.12532582
2018-05-25,19.09,2.577791243,24.98179124
2018-05-26,18.62,2.577791243,24.50579124
2018-05-27,18.86,2.577791243,24.74479124
2018-05-28,19.15,2.620993344,25.08699334
2018-05-29,20.16,2.614540899,26.0845409
2018-05-30,21.16,2.557542423,27.02854242
2018-05-31,20.35,2.408969095,26.07096909
2018-06-01,19.65,2.458598926,25.42459893
2018-06-02,19.85,2.458598926,25.62259893
2018-06-03,19.92,2.458598926,25.68659893
2018-06-04,20.29,2.606825183,26.20982518
2018-06-05,19.59,2.540384041,25.44138404
2018-06-06,19.48,2.574280904,25.3692809
2018-06-07,20.2,2.590833168,26.10683317
2018-06-08,20.05,2.555869699,25.9188697
2018-06-09,19.57,2.555869699,25.4398697
2018-06-10,19.14,2.555869699,25.0048697
2018-06-11,18.68,2.51047514,24.50047514
2018-06-12,18.6,2.449623057,24.36562306
2018-06-13,19.92,2.481169101,25.7121691
2018-06-14,19.27,2.399206631,24.97620663
2018-06-15,18.8,2.335980204,24.4489802
2018-06-16,18.57,2.335980204,24.2219802
2018-06-17,18.65,2.335980204,24.2999802
2018-06-18,18.73,2.354692161,24.39169216
2018-06-19,18.35,2.302014667,23.96001467
2018-06-20,18.33,2.343205889,23.98020589
2018-06-21,17.58,2.387232305,23.27923231
2018-06-22,18,2.444737945,23.75573795
2018-06-23,18.24,2.444737945,23.99173795
2018-06-24,18.02,2.444737945,23.77573795
2018-06-25,18.08,2.437472732,23.82547273
2018-06-26,18.34,2.43612003,24.08812003
2018-06-27,18.9,2.474947224,24.68294722
2018-06-28,18.67,2.441693509,24.42769351
2018-06-29,17.85,2.440754519,23.60675452
2018-06-30,18.08,2.440754519,23.82875452
2018-07-01,18.08,2.440754519,23.83575452
2018-07-02,19.11,2.451840861,24.86884086
2018-07-03,19.04,2.459015668,24.80601567
2018-07-04,19.37,2.521066418,25.19806642
2018-07-05,19.86,2.55272688,25.72672688
2018-07-06,19.61,2.557673374,25.47867337
2018-07-07,19.75,2.557673374,25.61867337
2018-07-08,19.82,2.557673374,25.68467337
2018-07-09,20.23,2.615596203,26.1615962
2018-07-10,19.85,2.614441576,25.77544158
2018-07-11,19.73,2.657554686,25.70055469
2018-07-12,19.34,2.616260163,25.26526016
2018-07-13,20.02,2.609700891,25.94170089
2018-07-14,19.64,2.609700891,25.56570089
2018-07-15,19.63,2.609700891,25.55470089
2018-07-16,19.02,2.593496086,24.92649609
2018-07-17,19.6,2.625928237,25.53492824
2018-07-18,19.99,2.69356689,25.99556689
2018-07-19,19.83,2.772731376,25.91373138
2018-07-20,19.72,2.803914024,25.83491402
2018-07-21,19.44,2.803914024,25.55791402
2018-07-22,19.64,2.803914024,25.75291402
2018-07-23,20.04,2.856130385,26.20913038
2018-07-24,20.09,2.797787308,26.20378731
2018-07-25,19.71,2.834065709,25.85106571
2018-07-26,19.6,2.827096533,25.73609653
2018-07-27,19.7,2.801126825,25.80912682
2018-07-28,19.65,2.801126825,25.76012682
2018-07-29,19.64,2.801126825,25.74912682
2018-07-30,20.16,2.797794013,26.27079401
2018-07-31,20,2.85427727,26.16627727
2018-08-01,19.67,2.909528146,25.89352815
2018-08-02,20.16,2.890984201,26.3659842
2018-08-03,20.05,2.896644451,26.25564445
2018-08-04,19.65,2.896644451,25.85964445
2018-08-05,19.64,2.896644451,25.84964445
2018-08-06,20.04,2.887505471,26.23850547
2018-08-07,20.07,2.884201009,26.26120101
2018-08-08,20.14,2.882293735,26.33329374
2018-08-09,19.84,2.913144503,26.0691445
2018-08-10,20.05,2.943947341,26.30394734
2018-08-11,20.24,2.943947341,26.49594734
2018-08-12,20.35,2.943947341,26.60594734
2018-08-13,21.07,2.968733528,27.34773353
2018-08-14,20.47,2.980017516,26.76501752
2018-08-15,20.08,2.972849624,26.36184962
2018-08-16,20.93,2.960432292,27.20243229
2018-08-17,21.28,2.992519061,27.58151906
2018-08-18,20.84,2.992519061,27.14651906
2018-08-19,20.49,2.992519061,26.79751906
2018-08-20,21.42,3.049049569,27.78504957
2018-08-21,21.81,3.187357645,28.30435764
2018-08-22,22,3.270611893,28.57761189
2018-08-23,22.23,3.381011115,28.92001112
2018-08-24,22.44,3.443165466,29.19616547
2018-08-25,22.75,3.443165466,29.50216547
2018-08-26,22.34,3.443165466,29.09216547
2018-08-27,22.73,3.55213643,29.59413643
2018-08-28,23.41,3.462018341,30.17901834
2018-08-29,24.01,3.488949373,30.80694937
2018-08-30,23.77,3.489380237,30.56938024
2018-08-31,22.91,3.469894514,29.69389451
2018-09-01,23.17,3.469894514,29.94689451
2018-09-02,23.14,3.469894514,29.92589451
2018-09-03,24.18,3.347856758,30.83685676
2018-09-04,24.18,3.345044665,30.83704467
2018-09-05,24.54,3.375748449,31.23174845
2018-09-06,25.41,3.550291178,32.26829118
2018-09-07,25.59,3.820656772,32.72165677
2018-09-08,25.67,3.820656772,32.80465677
2018-09-09,24.93,3.820656772,32.06565677
2018-09-10,26.25,4.135409744,33.69940974
2018-09-11,25.81,3.963627196,33.0856272
2018-09-12,25.19,3.759588607,32.26558861
2018-09-13,24.08,3.098368937,30.49336894
2018-09-14,24.07,3.270757339,30.65575734
2018-09-15,24.32,3.270757339,30.90375734
2018-09-16,23.98,3.270757339,30.56475734
2018-09-17,24.69,3.424460662,31.42846066
2018-09-18,24.06,3.302540662,30.67154066
2018-09-19,25.37,3.506921111,32.18692111
2018-09-20,25.99,3.598407778,32.90040778
2018-09-21,26.5,3.655030838,33.46303084
2018-09-22,26.44,3.655030838,33.40603084
2018-09-23,26.04,3.655030838,33.00403084
2018-09-24,26.81,3.700689544,33.82668954
2018-09-25,26.37,3.495271997,33.179272
2018-09-26,25.54,3.319588474,32.16658847
2018-09-27,24.81,3.414945778,31.53294578
2018-09-28,24.96,3.473558291,31.74255829
2018-09-29,24.85,3.473558291,31.63655829
2018-09-30,24.61,3.473558291,31.39355829
2018-10-01,24.33,3.491045721,31.13004572
2018-10-02,24.52,3.434986261,31.26698626
2018-10-03,24.28,3.456327625,31.05032763
2018-10-04,24.56,3.471498605,31.34049861
2018-10-05,24.93,3.584083709,31.82308371
2018-10-06,24.49,3.584083709,31.38208371
2018-10-07,24.41,3.584083709,31.30908371
2018-10-08,23.61,3.544202446,30.46320245
2018-10-09,22.31,3.344887045,28.96388705
2018-10-10,22.04,3.127999679,28.47499968
2018-10-11,21.38,3.205282639,27.90028264
2018-10-12,22.62,3.294780767,29.22778077
2018-10-13,22.63,3.294780767,29.23378077
2018-10-14,23.11,3.294780767,29.71478077
2018-10-15,23.56,3.00828468,29.88428468
2018-10-16,22.87,3.117288261,29.29728826
2018-10-17,21.57,3.111056126,27.99105613
2018-10-18,22.12,3.193531625,28.62153162
2018-10-19,23.16,3.196508259,29.66850826
2018-10-20,22.57,3.196508259,29.07850826
2018-10-21,20.7,3.196508259,27.20650826
2018-10-22,21.37,3.090733722,27.77573372
2018-10-23,20.86,3.127185761,27.29518576
2018-10-24,21.37,3.190783423,27.87478342
2018-10-25,22.15,3.112754356,28.57575436
2018-10-26,21.19,2.987262357,27.48926236
2018-10-27,20.97,2.987262357,27.27226236
2018-10-28,22.12,2.987262357,28.41926236
2018-10-29,22.28,2.728295829,28.31629583
2018-10-30,22.41,2.633936071,28.35093607
2018-10-31,21.45,2.670863996,27.432864
2018-11-01,20.98,2.524420054,26.81942005
2018-11-02,21.05,2.759080845,27.12208084
2018-11-03,20.91,2.759080845,26.98108084
2018-11-04,21.01,2.759080845,27.07608084
2018-11-05,20.8,2.774821865,26.88782186
2018-11-06,20.72,2.82049045,26.84949045
2018-11-07,21.53,2.986841119,27.83284112
2018-11-08,21.74,3.133095445,28.18609544
2018-11-09,21.17,3.132098069,27.61209807
2018-11-10,20.94,3.132098069,27.38109807
2018-11-11,21.12,3.132098069,27.55909807
2018-11-12,21.95,3.300506188,28.56150619
2018-11-13,22.67,3.210713005,29.195713
2018-11-14,23.18,3.153432682,29.64043268
2018-11-15,24.12,3.102910843,30.52991084
2018-11-16,23.89,3.124852255,30.32585226
2018-11-17,22.25,3.124852255,28.68285226
2018-11-18,23.06,3.124852255,29.49785226
2018-11-19,22.41,3.10265672,28.82565672
2018-11-20,22.01,3.183518368,28.50151837
2018-11-21,22.54,3.3623176,29.2183176
2018-11-22,22.69,3.410541164,29.41554116
2018-11-23,22.27,3.290630926,28.87563093
2018-11-24,22.31,3.290630926,28.91063093
2018-11-25,22.25,3.290630926,28.85163093
2018-11-26,21.81,3.2284472,28.3534472
2018-11-27,22.46,3.194951014,28.96395101
2018-11-28,21.6,3.141218358,28.04821836
2018-11-29,21.45,3.278155744,28.04415574
2018-11-30,21.56,3.344502363,28.21450236
2018-12-01,22.35,3.344502363,29.00150236
2018-12-02,21.61,3.344502363,28.26250236
2018-12-03,22.49,3.443210772,29.24821077
2018-12-04,22.5,3.460362209,29.27236221
2018-12-05,22.11,3.280000499,28.7060005
2018-12-06,20.42,3.329183039,27.05918304
2018-12-07,19.99,3.394039054,26.69303905
2018-12-08,20.29,3.394039054,26.99203905
2018-12-09,20.87,3.394039054,27.57203905
2018-12-10,21.71,3.535217749,28.55821775
2018-12-11,21.56,3.411642928,28.28264293
2018-12-12,22.04,3.604734854,28.95273485
2018-12-13,22.48,3.74976515,29.53676515
2018-12-14,22.74,3.923516033,29.97651603
2018-12-15,22.79,3.923516033,30.02051603
2018-12-16,22.62,3.923516033,29.85251603
2018-12-17,22.56,4.07486062,29.94986062
2018-12-18,21.73,4.021892249,29.05889225
2018-12-19,23.19,4.086708868,30.58870887
2018-12-20,22.77,4.067622664,30.14862266
2018-12-21,22.59,4.12554569,30.02654569
2018-12-22,22.63,4.12554569,30.06854569
2018-12-23,23.11,4.12554569,30.54854569
2018-12-24,22.74,4.154448588,30.20844859
2018-12-25,22.26,4.154448588,29.72444859
2018-12-26,21.85,4.169234313,29.32823431
2018-12-27,21.03,4.15632742,28.50232742
2018-12-28,20.47,4.143983483,27.92798348
2018-12-29,19.87,4.143983483,27.32098348
2018-12-30,19.86,4.143983483,27.31698348
2018-12-31,16.64,4.131534979,24.08653498
2019-01-01,17.12,4.131534979,24.56053498
2019-01-02,20.47,4.198784644,27.97678464
2019-01-03,20.39,3.873142243,27.57114224
2019-01-04,20.61,3.912841262,27.83384126
2019-01-05,20.34,3.912841262,27.56884126
2019-01-06,19.73,3.912841262,26.95284126
2019-01-07,18.99,3.678479011,25.97847901
2019-01-08,19.77,3.778475271,26.86147527
2019-01-09,19.94,3.661428596,26.9114286
2019-01-10,20.06,3.67030548,27.03930548
2019-01-11,20.33,3.742051575,27.38305157
2019-01-12,19.95,3.742051575,27.00205157
2019-01-13,19.8,3.742051575,26.85405157
2019-01-14,19.49,3.699882562,26.50388256
2019-01-15,20.32,3.713861485,27.34886149
2019-01-16,19.96,3.818206004,27.085206
2019-01-17,20.73,3.833289473,27.87928947
2019-01-18,20.45,4.029854954,27.78985495
2019-01-19,20.66,4.029854954,28.00085495
2019-01-20,20.47,4.029854954,27.81185495
2019-01-21,19.91,3.968645577,27.19464558
2019-01-22,20.39,4.067965465,27.76896546
2019-01-23,20.63,3.962349457,27.90134946
2019-01-24,19.76,3.84902781,26.91902781
2019-01-25,18.4,3.817086523,25.52608652
2019-01-26,18.23,3.817086523,25.35608652
2019-01-27,18.84,3.817086523,25.97008652
2019-01-28,19.12,3.642278345,26.06927835
2019-01-29,18.76,3.741212572,25.80921257
2019-01-30,18.51,3.708798677,25.52679868
2019-01-31,18.49,3.577403906,25.38140391
2019-02-01,17.26,3.548217368,24.11521737
2019-02-02,17.32,3.548217368,24.18321737
2019-02-03,17.31,3.548217368,24.16721737
2019-02-04,17.37,3.713417537,24.39941754
2019-02-05,17.36,3.757133944,24.43213394
2019-02-06,17.25,3.829899352,24.38889935
2019-02-07,17.27,3.782849027,24.36484903
2019-02-08,16.82,3.603679955,23.73667995
2019-02-09,16.9,3.603679955,23.81467995
2019-02-10,16.74,3.603679955,23.65567995
2019-02-11,16.25,3.613888429,23.17488843
2019-02-12,15.85,3.343607265,22.50460726
2019-02-13,16.06,3.381061821,22.75206182
2019-02-14,16.23,3.209541002,22.750541
2019-02-15,16.03,3.293637888,22.63063789
2019-02-16,15.97,3.293637888,22.57863789
2019-02-17,15.96,3.293637888,22.56263789
2019-02-18,15.67,3.221709068,22.20370907
2019-02-19,15.65,3.232748241,22.19574824
2019-02-20,15.82,3.275293365,22.40829337
2019-02-21,15.19,3.004118157,21.50711816
2019-02-22,15.35,3.025853326,21.68285333
2019-02-23,15.4,3.025853326,21.73685333
2019-02-24,15.11,3.025853326,21.44585333
2019-02-25,14.78,3.076000719,21.17200072
2019-02-26,14.97,3.104664326,21.38466433
2019-02-27,15.26,3.341156182,21.90815618
2019-02-28,15.48,3.420355734,22.21035573
2019-03-01,15.13,3.527564259,21.97156426
2019-03-02,14.88,3.527564259,21.71456426
2019-03-03,15.1,3.527564259,21.94256426
2019-03-04,15.04,3.657158963,22.00715896
2019-03-05,15.01,3.628935468,21.94793547
2019-03-06,14.48,3.50555545,21.29855545
2019-03-07,14.7,3.664243909,21.67524391
2019-03-08,14.87,3.657694736,21.84369474
2019-03-09,14.78,3.657694736,21.75369474
2019-03-10,14.83,3.657694736,21.79769474
2019-03-11,14.42,3.508045918,21.24104592
2019-03-12,14.23,3.546041264,21.08804126
2019-03-13,13.68,3.507091571,20.49809157
2019-03-14,13.44,3.564934451,20.31593445
2019-03-15,12.72,3.520072471,19.55207247
2019-03-16,12.99,3.520072471,19.82007247
2019-03-17,13.08,3.520072471,19.91307247
2019-03-18,13.71,3.439293583,20.46329358
2019-03-19,12.79,3.32221108,19.42321108
2019-03-20,12.94,3.422411355,19.67241136
2019-03-21,12.87,3.350737987,19.53373799
2019-03-22,12.72,3.253725725,19.28172573
2019-03-23,12.22,3.253725725,18.78272573
2019-03-24,12.03,3.253725725,18.59672573
2019-03-25,11.92,3.307170962,18.54017096
2019-03-26,12.4,3.384025062,19.10002506
2019-03-27,12.93,3.42026638,19.66526638
2019-03-28,12.18,3.52200955,19.01300955
2019-03-29,11.69,3.418292717,18.42129272
2019-03-30,11.79,3.418292717,18.52029272
2019-03-31,11.75,3.418292717,18.47729272
2019-04-01,11.26,3.44083404,18.01183404
2019-04-02,10.89,3.455323488,17.65732349
2019-04-03,11.5,3.636286752,18.44428675
2019-04-04,12.55,3.860190464,19.72519046
2019-04-05,13.47,3.8994936,20.6774936
2019-04-06,13.92,3.8994936,21.1264936
2019-04-07,13.9,3.8994936,21.1134936
2019-04-08,13.3,3.855313176,20.47131318
2019-04-09,14.67,4.053490008,22.03249001
2019-04-10,13.83,4.142984664,21.27998466
2019-04-11,13.71,4.334678624,21.36067862
2019-04-12,14.19,4.231450944,21.72845094
2019-04-13,13.06,4.231450944,20.60245094
2019-04-14,13.04,4.231450944,20.58645094
2019-04-15,12.64,4.25721352,20.21121352
2019-04-16,13,4.2978168,20.6138168
2019-04-17,12.73,4.37811256,20.42311256
2019-04-18,12.6,4.2798124,20.1948124
2019-04-19,12.04,4.2798124,19.6298124
2019-04-20,11.9,4.2798124,19.4888124
2019-04-21,10.92,4.2798124,18.5118124
2019-04-22,10.53,4.291687024,18.12968702
2019-04-23,9.02,4.394845152,16.72784515
2019-04-24,10.74,4.3584632,18.4134632
2019-04-25,11.05,4.333853568,18.69285357
2019-04-26,11.25,4.11048088,18.66848088
2019-04-27,11.07,4.11048088,18.49148088
2019-04-28,11.62,4.11048088,19.04448088
2019-04-29,11.56,4.1986408,19.0726408
2019-04-30,11.64,4.161580808,19.11058081
2019-05-01,11.3,4.06994016,18.67994016
2019-05-02,11.81,3.897166,19.014166
2019-05-03,12,3.94638048,19.25738048
2019-05-04,11.56,3.94638048,18.81938048
2019-05-05,11.69,3.94638048,18.94338048
2019-05-06,12.21,3.986779888,19.50677989
2019-05-07,11.46,4.15956288,18.93156288
2019-05-08,12.41,4.26071412,19.98071412
2019-05-09,13.8,4.2050624,21.3190624
2019-05-10,13.05,4.07532216,20.43632216
2019-05-11,12.5,4.07532216,19.88732216
2019-05-12,11.69,4.07532216,19.08032216
2019-05-13,10.21,3.993446392,17.51844639
2019-05-14,10.52,4.135420056,17.96442006
2019-05-15,11.13,4.1692238,18.6132238
2019-05-16,9.53,4.107830728,16.95083073
2019-05-17,11.09,4.03926,18.44326
2019-05-18,10.89,4.03926,18.24126
2019-05-19,10.87,4.03926,18.21726
2019-05-20,10.67,4.06832832,18.05432832
2019-05-21,10.18,4.104392688,17.59639269
2019-05-22,10.15,4.27468248,17.73968248
2019-05-23,9.91,4.23402032,17.45902032
2019-05-24,10.08,4.13113212,17.51813212
2019-05-25,10.06,4.13113212,17.50113212
2019-05-26,9.71,4.13113212,17.15413212
2019-05-27,10.23,4.155775056,17.69277506
2019-05-28,10.46,4.13509824,17.90209824
2019-05-29,10.15,4.142742888,17.59974289
2019-05-30,9.72,4.10961056,17.13861056
2019-05-31,9.29,3.988017104,16.5860171
2019-06-01,9.2,3.988017104,16.4990171
2019-06-02,8.73,3.988017104,16.0340171
2019-06-03,9.03,3.878052448,16.22305245
2019-06-04,10.07,4.004321344,17.38332134
2019-06-05,9.57,3.9479776,16.8289776
2019-06-06,9.21,3.919022624,16.44402262
2019-06-07,9.96,4.014659568,17.29065957
2019-06-08,10.08,4.014659568,17.40265957
2019-06-09,10.17,4.014659568,17.49665957
2019-06-10,10.52,4.13509824,17.96209824
2019-06-11,10.01,4.092563328,17.41656333
2019-06-12,10.22,4.063609824,17.59060982
2019-06-13,10.76,4.084694016,18.15469402
2019-06-14,10.57,4.11417192,17.99317192
2019-06-15,10.51,4.11417192,17.93317192
2019-06-16,10.04,4.11417192,17.46717192
2019-06-17,10.66,4.119372864,18.09237286
2019-06-18,10.36,4.12058432,17.79458432
2019-06-19,9.71,4.078723584,17.09972358
2019-06-20,9.59,4.10483392,17.00583392
2019-06-21,9.33,4.16314536,16.80214536
2019-06-22,9.79,4.16314536,17.26014536
2019-06-23,9.63,4.16314536,17.10414536
2019-06-24,9.41,4.3426116,17.0606116
2019-06-25,9.11,4.353572296,16.7735723
2019-06-26,8.67,4.51562496,16.50062496
2019-06-27,8.07,4.439625048,15.82162505
2019-06-28,8.48,4.338428544,16.13442854
2019-06-29,8.71,4.338428544,16.35942854
2019-06-30,8.56,4.338428544,16.20942854
2019-07-01,9.05,4.338428544,16.70142854
2019-07-02,9.58,4.406149376,17.30014938
2019-07-03,9.5,4.376885832,17.18688583
2019-07-04,9.47,4.293377064,17.07937706
2019-07-05,10.44,4.354937024,18.10993702
2019-07-06,10.38,4.354937024,18.04793702
2019-07-07,9.97,4.354937024,17.63193702
2019-07-08,10.56,4.42000384,18.29100384
2019-07-09,10.84,4.395403776,18.54340378
2019-07-10,11.85,4.668782696,19.8267827
2019-07-11,12.46,4.677536496,20.4515365
2019-07-12,11.75,4.755969808,19.81296981
2019-07-13,12.27,4.755969808,20.33296981
2019-07-14,12.23,4.755969808,20.29396981
2019-07-15,11.72,4.80854192,19.83854192
2019-07-16,11.05,4.732442832,19.09644283
2019-07-17,10.72,4.73034744,18.75834744
2019-07-18,10.08,4.589122656,17.98012266
2019-07-19,10.02,4.776741936,18.10374194
